prompt_id,category,prompt_text,model,response
p001,Science,What is the theory of relativity?,mistral:7b," The Theory of Relativity refers to two interconnected theories by Albert Einstein that fundamentally transformed our understanding of physics and space-time.

1. Special Theory of Relativity (1905): This theory introduced two revolutionary ideas: the principle of relativity, which states that the laws of physics are the same for all non-accelerating observers, meaning that the speed of light in a vacuum is always constant, regardless of the motion of the observer or the source of light; and mass-energy equivalence, where Einstein showed that mass can be converted into energy (and vice versa) through the equation E=mc^2.

2. General Theory of Relativity (1915): This theory extended the special theory of relativity to include gravity, proposing that massive objects cause a distortion in space-time, which affects the path of other objects moving nearby. In essence, gravity is not a force between two bodies but rather the curvature of space-time by mass. This has been confirmed through various experiments and observations, such as the bending of light by large masses and the orbit of planets around the sun.

Together, these theories have had profound implications for our understanding of the universe, including black holes, time dilation, and the expansion of the universe (Big Bang theory)."
p002,Science,Explain the difference between mass and weight.,mistral:7b," Mass and weight are two related but distinct physical properties.

1. Mass: Mass is a measure of the amount of matter in an object. It is defined as the quantity of substance that a body contains, and it is a fundamental property of an object that remains constant regardless of its location or condition (unless the object undergoes a chemical reaction). The unit for mass is kilograms (kg) or grams (g) in the International System of Units (SI).

2. Weight: Weight, on the other hand, is a force exerted on an object due to gravity. It depends on two factors: the mass of the object and the acceleration due to gravity (which varies based on location). Since the acceleration due to gravity on Earth is approximately 9.81 m/s², weight can be calculated by multiplying the mass of an object by the acceleration due to gravity. The unit for weight is newtons (N) or pounds (lbs), but it's often expressed in kilograms or grams if we assume the object is on Earth.

In summary: Mass is a measure of how much matter an object contains, and it stays constant regardless of location. Weight is a force due to gravity acting on an object, which depends on its mass and the acceleration due to gravity at a given location."
p003,Science,How does photosynthesis work?,mistral:7b," Photosynthesis is a process used by plants, algae, and some bacteria to convert light energy, usually from the sun, into chemical energy in the form of glucose (a type of sugar). Here's a simplified explanation:

1. **Light-dependent reactions**: These take place in the thylakoid membranes of chloroplasts and involve the conversion of water, carbon dioxide, and light energy into glucose and oxygen. The light-dependent reactions are divided into two stages:
   - The first stage involves the absorption of sunlight by chlorophyll (the green pigment in plants). The absorbed energy splits water molecules into hydrogen and oxygen. The oxygen is released as a waste product.
   - In the second stage, the hydrogen and carbon dioxide are combined with energy from sunlight to produce glucose and other organic compounds. This process requires special enzymes called Rubisco (Ribulose bisphosphate carboxylase/oxygenase).

2. **Light-independent reactions**: These take place in the stroma of chloroplasts and involve the conversion of carbon dioxide and organic compounds from the light-dependent reactions into glucose. This process is also known as the Calvin cycle or carbon fixation.
   - The initial step involves a molecule called ribulose bisphosphate (RuBP) combining with carbon dioxide to form two molecules of 3-phosphoglycerate.
   - These 3-phosphoglycerate molecules are then further processed to produce glucose and other sugars, which can be used immediately by the plant or stored for later use.

Photosynthesis not only provides plants with energy but also produces oxygen, which is essential for most life on Earth. It's a vital process that underpins many of the planet's ecological systems and plays a crucial role in regulating our atmosphere."
p004,Science,What is quantum mechanics in simple terms?,mistral:7b," Quantum mechanics is a branch of physics that deals with phenomena on a very small scale, like atoms and subatomic particles. Here's an oversimplified explanation:

1. **Particles can exist in multiple places at once**: In classical physics, a particle has one specific location at any given time. However, in quantum mechanics, tiny particles can be in several places simultaneously - this is known as superposition.

2. **Observation changes reality**: Before we observe them, particles don't have definite properties like position or momentum. It's only when we measure (observe) these properties that they become fixed values. This is called the observer effect.

3. **Connectedness of everything**: Quantum mechanics suggests that every particle in the universe is connected to every other particle, no matter how far apart they are. This connection is known as quantum entanglement.

4. **Wave-particle duality**: Every particle also exhibits wave-like properties. For example, light can behave both as a particle (photon) and a wave. This idea that particles can exhibit properties of both waves and particles is a fundamental concept in quantum mechanics."
p005,Science,What causes climate change?,mistral:7b," Climate change is primarily caused by human activities that increase the concentration of greenhouse gases in the Earth's atmosphere, particularly carbon dioxide (CO2) and methane (CH4). These activities are often referred to as anthropogenic emissions. The main sources include burning fossil fuels such as coal, oil, and natural gas for electricity, heat, and transportation; deforestation; and industrial processes.

Greenhouse gases trap heat in the atmosphere, leading to a rise in global temperatures, a phenomenon known as the greenhouse effect. However, it's important to note that the Earth's climate has always changed throughout history, but the current rate and magnitude of change is unprecedented in recorded history and largely due to human activities.

Other factors such as solar radiation, volcanic eruptions, and changes in land use can also influence climate, but these are typically much smaller compared to the impact of human activities on greenhouse gas emissions."
p006,Science,How are black holes formed?,mistral:7b," Black holes are formed from the remnants of massive stars that have undergone a supernova explosion. Here's a simplified explanation:

1. A very massive star (at least 3 times the mass of our Sun) exhausts its nuclear fuel in its core, and can no longer generate enough outward pressure to balance its own gravity. This leads to the core collapsing under its own weight.

2. As the core collapses, it becomes incredibly dense and hot, forming a neutron star (a tiny, extremely dense object composed primarily of neutrons). If the mass of the original star is even greater than that needed for a neutron star, the collapse will continue past the neutron degeneracy pressure, and the object becomes a black hole.

3. The event horizon, the boundary beyond which nothing can escape the black hole's gravity, forms around the singularity (the infinitely dense point at the center of the black hole). Light can still be observed from the accretion disk – the glowing, swirling material orbiting the black hole – but not from the black hole itself.

4. Over time, matter can fall into a black hole, releasing gravitational energy and sometimes light in the process. This radiation is known as Hawking radiation, named after physicist Stephen Hawking who first proposed it. Theoretically, this radiation could cause the black hole to slowly lose mass and eventually disappear, but this process would take an extremely long time (much longer than the current age of the universe)."
p007,Science,Explain Newton’s laws of motion.,mistral:7b," Newton's three laws of motion are fundamental principles in physics that describe the relationship between a body and the forces acting upon it, and its motion. Here is an explanation of each law:

1. **First Law (Law of Inertia)**: An object at rest stays at rest and an object in motion stays in motion with the same speed and direction unless acted upon by an unbalanced force. This law explains that an object will continue in its state of rest or uniform motion unless a net force acts on it.

2. **Second Law (F=ma)**: The acceleration of an object as produced by a net force is directly proportional to the magnitude of the net force, and inversely proportional to the mass of the object. This law states that the acceleration of an object results from the net force acting on it and the mass of the object. It can be written as F=ma (Force equals mass times acceleration).

3. **Third Law (Action and Reaction)**: For every action, there is an equal and opposite reaction. This law demonstrates that whenever a body exerts a force on another body, the second body simultaneously reacts back on the first body with a force of equal magnitude and opposite direction. This law explains why actions like pushing or pulling have corresponding reactions, such as being pushed or pulled back.

These laws provide a foundation for understanding the mechanics of various physical phenomena and serve as building blocks for more complex theories in physics, such as Einstein's theory of relativity and quantum mechanics."
p008,Science,What is the structure of an atom?,mistral:7b," An atom consists of three main subcomponents: protons, neutrons, and electrons. Protons and neutrons are located in the nucleus at the center of the atom, while electrons orbit around it in shells or energy levels.

1. The Nucleus: The nucleus contains protons (positively charged particles) and neutrons (neutral particles). The number of protons determines the type of atom, and this is known as its atomic number (e.g., carbon has 6 protons). The mass number represents the sum of protons and neutrons in an atom (e.g., a carbon-12 atom has 6 protons + 6 neutrons = 12 nucleons).

2. Electron Cloud: Surrounding the nucleus is an electron cloud, consisting of negatively charged electrons. Electrons are arranged in energy levels or orbitals around the nucleus. An atom can have multiple electrons and various arrangements of them within these orbitals. The inner orbitals, closer to the nucleus, have a lower energy level than the outer ones.

3. Energy Levels (Orbitals): There are four main types of orbitals: s, p, d, and f. Each orbital can hold a maximum number of electrons based on its energy level. The s orbital holds up to 2 electrons; each of the three p orbitals can also accommodate 2 electrons. The d orbitals have five individual orbitals and can hold up to 10 electrons (5 pairs). Finally, the f orbitals consist of seven different shapes and can hold a maximum of 14 electrons (7 pairs).

In summary, an atom is composed of protons, neutrons, and electrons. Protons and neutrons are located in the nucleus at the center of the atom, while electrons orbit around it in energy levels or orbitals. The number of protons determines the type of atom, and this is known as its atomic number. Electron arrangement within orbitals can affect an atom's chemical properties."
p009,Science,How does evolution work?,mistral:7b," Evolution is a process by which species change over time in response to changes in their environment. This process is driven by three main mechanisms: natural selection, mutation, and genetic drift.

1. Natural Selection: This is the primary mechanism of evolution, proposed by Charles Darwin. It involves the survival and reproduction of individuals with traits that are advantageous for the environment they live in. For example, if a population of birds has some members with longer beaks, and these beaks enable them to reach food sources not accessible to birds with shorter beaks, then those birds with longer beaks will have a higher survival rate and more offspring. Over many generations, this difference in survival and reproduction can lead to the evolution of a population with longer beaks.

2. Mutation: This is a change in an organism's DNA sequence that may occur during replication. Some mutations are harmful, some are neutral, but a small percentage can provide a new trait or advantage, increasing the chance of survival and reproduction for individuals who possess them. However, most beneficial traits are rare because they arise randomly, not because they were selected for in the past.

3. Genetic Drift: This is a change in the frequency of a gene variant within a population due to random sampling during the process of genetic inheritance. For example, if a small group breaks off from a larger population and settles on an island, genetic drift can cause the new population's gene pool to differ significantly from the original population due to chance events in mating and reproduction.

These mechanisms can act at different scales - within populations (microevolution), between populations (speciation), or across species (macroevolution). The collective result of these processes over vast periods of time is the diversity of life we see on Earth today."
p010,Science,What is the Big Bang theory?,mistral:7b," The Big Bang theory is a cosmological model that describes the universe's expansion from a very high-density and high-temperature state approximately 13.8 billion years ago. This initial state is often referred to as the ""Big Bang.""

The theory was first proposed by Belgian astronomer Georges Lemaître in the 1920s, based on his calculation of the redshifts (a measure of how much light from distant galaxies has been stretched out) of galaxies. The term ""Big Bang"" was coined by British astronomer Fred Hoyle in 1949 as a pejorative nickname for Lemaître's theory.

Since then, the Big Bang theory has undergone significant refinement based on observations from telescopes and other astronomical instruments, including the discovery of the Cosmic Microwave Background radiation in 1965 by Arno Penzias and Robert Wilson. This evidence supports the idea that the universe expanded rapidly from a hot, dense state and has been expanding ever since.

The Big Bang theory also describes the formation of structure in the universe over time, from the large-scale structures we see today (galaxies, galaxy clusters, and superclusters) back to the very first moments when matter and energy were tightly packed together. The theory attempts to explain many aspects of the observable universe, such as its composition, its overall expansion, and the large-scale structure we see today. It remains the favored cosmological model among astronomers and astrophysicists."
p011,Health,What are the symptoms of diabetes?,mistral:7b," Diabetes, specifically Type 1 and Type 2, can present with a variety of symptoms. Here are some common signs:

1. Frequent urination: Excess sugar in the blood leads to an increase in urine production as the kidneys work harder to filter the excess sugar.

2. Increased thirst and hunger: As you urinate more, your body loses fluids. This can make you feel dehydrated, leading to increased thirst. Additionally, your body may signal that it needs energy (glucose) by making you feel hungrier.

3. Fatigue: High levels of sugar in the blood and the associated dehydration can lead to fatigue and weakness.

4. Blurred vision: Uncontrolled diabetes can cause the lens of the eye to swell, which affects your ability to focus clearly.

5. Numbness or tingling in the hands/feet: Diabetes can damage the nerves, leading to a condition known as peripheral neuropathy, which can cause numbness, tingling, or pain in the extremities.

6. Slow-healing wounds: Elevated blood sugar levels can delay the healing process of wounds and skin infections.

7. Frequent infections: Diabetes suppresses the immune system, making you more susceptible to bacterial and fungal infections.

8. Weight loss or gain: While some people with diabetes may experience weight loss due to the body not effectively using glucose for energy, others may gain weight because their bodies are less responsive to insulin (insulin resistance).

9. Irritability: High blood sugar levels can cause mood swings and irritability in some people.

10. Frequent yeast infections: Elevated blood sugar levels create an ideal environment for yeast and bacteria to grow, leading to more frequent yeast infections (such as thrush or vaginal yeast infections)."
p012,Health,How does the immune system work?,mistral:7b," The immune system is a complex network of cells, tissues, and organs that work together to defend our bodies against harmful pathogens such as bacteria, viruses, fungi, and parasites. Here's an overview of how it works:

1. Barriers: The first line of defense is physical barriers like the skin and mucous membranes in the nose, mouth, and digestive tract. These barriers prevent pathogens from entering the body.

2. Recognition: If a pathogen does enter the body, specialized cells called immune cells recognize it as foreign. This recognition occurs through various receptors on the surface of immune cells that can detect specific molecules (antigens) found on the surfaces of pathogens.

3. Inflammation: Once a pathogen is recognized, immune cells release chemicals like cytokines to attract other immune cells to the site of infection. This process triggers inflammation, which can cause symptoms such as redness, swelling, pain, and heat. The goal of inflammation is to create an environment inhospitable for pathogens while making it easier for immune cells to find and destroy them.

4. Phagocytosis: One type of immune cell called phagocytes engulfs the pathogen, breaking it down into smaller pieces that can be easily destroyed. Another type of immune cell called natural killer (NK) cells directly attack and destroy infected or abnormal cells in the body without needing to recognize specific antigens.

5. Adaptive Immune Response: If a pathogen is able to evade the initial response, it may trigger an adaptive immune response. This involves the activation of two types of immune cells called T cells and B cells. T cells can directly attack infected cells or help activate other immune cells, while B cells produce antibodies that recognize and neutralize specific antigens on the surface of pathogens.

6. Memory: After the adaptive immune response has successfully cleared the infection, some immune cells become memory cells. These memory cells remember the characteristics of the pathogen so they can mount a more rapid and effective response if they encounter it again in the future.

7. Regulation: To prevent excessive or damaging immune responses, regulatory mechanisms are in place to turn off immune responses once the threat has been neutralized. This helps prevent autoimmune diseases, where the immune system mistakenly attacks the body's own tissues.

Overall, the immune system is a remarkable defense mechanism that works tirelessly to protect our bodies from harmful pathogens. It's also fascinating how it can adapt and learn from past infections to provide long-lasting immunity against certain diseases."
p013,Health,What is depression and how is it treated?,mistral:7b," Depression is a common and serious mental health disorder that negatively affects how you feel, the way you think, and how you act. It causes feelings of sadness, hopelessness, and a lack of interest or pleasure in activities once enjoyed. These feelings can be severe enough to cause noticeable problems in relationships, at work, and school.

Depression isn't a sign of weakness or a character flaw. It's a treatable illness that affects people of all ages, ethnicities, and walks of life. It's important to remember that with help, people can and do recover from depression.

Treatment for depression typically involves a combination of medications (antidepressants) and psychotherapy (talk therapy). Psychotherapy helps patients understand the thoughts and feelings that lead to problematic behaviors, gives them the skills to cope with challenging situations, and provides support during the recovery process. The most common type of psychotherapy used to treat depression is cognitive behavioral therapy (CBT).

Antidepressant medications work by affecting certain chemicals in the brain and nerves (neurotransmitters) that become unbalanced and are involved in mood regulation. There are several types of antidepressants, including selective serotonin reuptake inhibitors (SSRIs), serotonin and norepinephrine reuptake inhibitors (SNRIs), tricyclic antidepressants (TCAs), and monoamine oxidase inhibitors (MAOIs).

In addition to medication and therapy, lifestyle changes such as regular exercise, a healthy diet, adequate sleep, and avoiding alcohol and drugs can help manage depression symptoms. In some cases, electroconvulsive therapy (ECT) may be recommended for severe depression or psychosis. It's important to discuss all treatment options with a healthcare provider to determine the best course of action based on an individual's specific needs and circumstances."
p014,Health,What is the difference between a virus and bacteria?,mistral:7b," Bacteria and viruses are both microscopic organisms, but they differ in several key aspects:

1. Structure: Bacteria are single-celled organisms with a cell wall, cytoplasm, and genetic material (DNA or RNA). Viruses do not have a cell wall or any membranes; they consist of genetic material (DNA or RNA) enclosed in a protein coat.

2. Reproduction: Bacteria can reproduce on their own, dividing into two identical daughter cells. Viruses, on the other hand, require a host cell to replicate. They enter the host cell and use its machinery to make more viral components, eventually leading to the creation of new virions (virus particles).

3. Role in health: Most bacteria are neither inherently harmful nor beneficial; they can be found everywhere in nature. Some bacteria are essential for various biological processes, while others can cause diseases. Viruses, however, do not have any metabolic activity on their own and must exploit host cells to survive. They are responsible for a wide range of infectious diseases.

4. Treatment: Antibiotics are effective against bacteria but have no impact on viruses. In contrast, antiviral medications are available to treat some viral infections.

5. Size: Bacteria are generally larger than viruses. A typical bacterium is about 1-10 micrometers (µm) in size, while a virus ranges from 20 to 300 nanometers (nm)."
p015,Health,How do vaccines work?,mistral:7b," Vaccines work by stimulating the body's immune system to recognize and fight a particular disease-causing agent, such as a virus or bacterium. This is achieved by introducing a weakened or inactivated form of the pathogen, or a piece of it called an antigen, into the body.

The immune system recognizes the antigen as foreign and responds by producing antibodies against it. These antibodies are proteins that can bind to the antigen and neutralize it, preventing the pathogen from causing disease. In some cases, the vaccine may also stimulate the production of T-cells, another type of immune cell that can directly attack infected cells.

Once the body has mounted an immune response against the antigen in the vaccine, it is able to remember this response and quickly mount a similar defense if it encounters the actual disease-causing pathogen later on. This is what gives vaccines their ability to protect individuals from getting sick.

Vaccines are one of the most effective ways to prevent the spread of infectious diseases and have played a crucial role in controlling many deadly diseases, such as smallpox, polio, and measles. It's important for individuals to get vaccinated according to recommended schedules to protect themselves and others around them from these diseases."
p016,Health,What are the side effects of paracetamol?,mistral:7b," Paracetamol, also known as acetaminophen, is generally well-tolerated and considered safe when used appropriately. However, like any medication, it can cause side effects in some individuals, especially at higher doses or with prolonged use. Common side effects may include:

1. Nausea
2. Vomiting
3. Loss of appetite
4. Stomach pain
5. Rash
6. Itching
7. Headache
8. Sweating
9. Unusual weakness or fatigue

In rare cases, more severe side effects can occur:

1. Liver damage (liver enzyme elevation and in some extreme cases, liver failure) - This is a significant concern, particularly when paracetamol is taken in excessive doses over a short period or chronically at recommended dosages.
2. Allergic reactions (rash, facial swelling, difficulty breathing, itching)
3. Blood disorders (rare but can cause anemia or other blood abnormalities)
4. Skin reactions (Stevens-Johnson syndrome and toxic epidermal necrolysis are rare but serious conditions that require immediate medical attention)
5. Interactions with other medications, particularly those that increase the risk of liver damage (e.g., certain antibiotics, antidepressants, and antifungals)"
p017,Health,What is BMI and how is it calculated?,mistral:7b," BMI (Body Mass Index) is a value derived from the height and weight of a person. It is used to broadly categorize a person as underweight, normal weight, overweight, or obese based on their weight in relation to their height.

The formula for calculating BMI is:

BMI = Weight (kg) / Height^2 (m)

For example, if a person weighs 70 kg and stands 1.75 m tall, their BMI would be calculated as follows:

BMI = 70 / (1.75)^2 = 70 / 3.0625 = 22.8 (rounded)

It's important to note that BMI has its limitations as it doesn't distinguish between muscle mass and fat mass, so it may not accurately reflect the body composition of very muscular or athletic individuals. Additionally, the classification thresholds for underweight, healthy weight, overweight, and obese can vary depending on age, gender, and ethnicity.

If you are interested in tracking your own BMI, there are many online tools available that allow you to input your weight and height and automatically calculate your BMI. Keep in mind, though, that a healthcare professional is the best source of information about your overall health and body composition."
p018,Health,How does the human brain process emotions?,mistral:7b," The human brain processes emotions through a complex interplay between multiple brain regions, primarily focusing on the limbic system and the prefrontal cortex. Here's a simplified breakdown:

1. **Sensory Cortices**: These areas receive incoming sensory information from our environment, such as sights, sounds, smells, and touch.

2. **Thalamus**: The thalamus acts as a relay station for these sensory signals, sending them to the appropriate parts of the brain for further processing.

3. **Amygdala**: One of the key structures in the limbic system, the amygdala plays a crucial role in emotional responses. It helps to interpret these incoming sensory signals as potentially threatening or non-threatening and triggers the 'fight or flight' response when necessary.

4. **Hippocampus**: Adjacent to the amygala, the hippocampus is involved in forming memories of emotional events and contextualizing them within our overall experiences.

5. **Prefrontal Cortex (PFC)**: The PFC is responsible for executive functions like decision-making, planning, and regulating behavior. It helps to modulate emotions by providing a rational and controlled response to the emotional signals from the limbic system.

6. **Insula**: Located deep within the brain, the insula plays a crucial role in our subjective experience of emotions, particularly those related to physical sensations such as pain or disgust. It also helps to integrate these emotional experiences with other types of information and guide behavior accordingly.

7. **Cingulate Cortex**: This area is involved in emotion regulation and error monitoring during cognitive tasks. When we make an error, it helps us learn from that mistake and adjust our behavior accordingly.

8. **Mirror Neuron System**: These neurons help us empathize with others by activating when we observe another person's actions or emotions. This allows us to understand and respond appropriately to the emotional states of others."
p019,Health,What are the benefits of regular exercise?,mistral:7b," Regular exercise offers numerous physical, mental, and emotional benefits. Here are some key advantages:

1. Improved cardiovascular health: Regular exercise helps reduce the risk of conditions such as high blood pressure, heart disease, and stroke by improving heart function, reducing blood pressure, and increasing good cholesterol levels.

2. Weight management: Exercise burns calories, aiding in weight control and maintenance. It is an effective tool for both losing and maintaining a healthy body weight.

3. Enhanced mental well-being: Regular exercise can help reduce symptoms of depression, anxiety, and stress by boosting endorphin (feel-good) levels in the brain. It also promotes better sleep quality and helps manage feelings of sadness or anger.

4. Increased energy levels: Regular exercise improves muscle strength and boosts endurance, allowing you to perform daily tasks with greater ease and efficiency. Exercise can also combat fatigue and provide a natural energy boost.

5. Improved flexibility and mobility: Regular exercise helps maintain and even increase flexibility as you age, making it easier for you to move around and maintain an active lifestyle. It can reduce the risk of developing chronic conditions such as osteoarthritis and back pain.

6. Stronger immune system: Exercise stimulates the production of antibodies, white blood cells, and proteins that help fight infection and disease. Regular physical activity can boost your immune system's ability to function effectively and reduce the risk of getting sick.

7. Better sleep quality: Regular exercise has been shown to improve the length and quality of sleep for most people, helping them feel more rested and refreshed upon waking up.

8. Enhanced cognitive function: Exercise promotes better brain function by improving memory, attention span, and concentration levels. It also encourages the growth of new brain cells, slowing down the process of cognitive decline associated with aging.

9. Increased self-confidence and body image: Regular exercise can help you feel more confident in your physical abilities, leading to a healthier and more positive body image. Achieving fitness goals and seeing progress can boost self-esteem and self-worth.

10. Longer lifespan: Regular exercise can help extend lifespan by reducing the risk of chronic diseases and promoting overall wellness. Studies have shown that even moderate amounts of regular exercise can add several years to a person's life expectancy."
p020,Health,What is mental health and why is it important?,mistral:7b," Mental health refers to our cognitive, behavioral, and emotional well-being. It's all about how we think, feel, and act. Good mental health allows us to:

1. Realize our full potential; cope with the stresses of life; work productively; maintain healthy relationships with others; and contribute to our communities.
2. Mental health is important because it impacts every aspect of our lives. When people are mentally healthy, they have better overall health, including fewer physical health problems and a longer life expectancy. Good mental health also helps us make good choices and cope effectively with challenges we face in our daily lives.

It's essential to take care of both our physical and mental health as they are closely interconnected. A healthy mind contributes to a healthy body, and vice versa. It's important to prioritize mental health, seek help when needed, and support those who may be struggling with their own mental health."
p021,Law,What is the difference between civil and criminal law?,mistral:7b," Civil law and criminal law are two distinct branches of the legal system that address different types of wrongdoing.

1. Civil Law: This branch deals with disputes between individuals, organizations, or the government, where one party claims to have been harmed by another party's actions (or lack thereof). The goal is to provide a remedy for the harm suffered, typically in the form of money damages, specific performance (requiring someone to do something), or an injunction (court order to stop a certain action). Examples of civil law include contract disputes, property disputes, personal injury cases, and family law matters.

2. Criminal Law: This branch deals with crimes against society as a whole. The state or government brings charges against the individual accused of breaking the law. If found guilty, the punishment can include fines, probation, imprisonment, or even death in some jurisdictions. Examples of criminal law include offenses like murder, theft, assault, and drug possession.

In essence, civil law is about private wrongs (disputes between parties) and criminal law is about public wrongs (violations of the state's laws)."
p022,Law,What are human rights?,mistral:7b," Human rights are basic rights and freedoms to which all individuals are entitled, regardless of nationality, sex, ethnicity, religion, language, or any other status. They are generally understood as being inherent to all human beings by virtue of their humanity. These rights include the right to life and liberty, freedom from slavery and torture, freedom of opinion and expression, the right to work and education, and many more.

Human rights are commonly protected as international law, enshrined in several documents such as the Universal Declaration of Human Rights (UDHR) adopted by the United Nations General Assembly in 1948. Other significant human rights instruments include the International Covenant on Civil and Political Rights (ICCPR) and the International Covenant on Economic, Social and Cultural Rights (ICESCR), both of which were also adopted by the UN in 1966.

The concept of human rights is closely tied to principles such as dignity, equality, and mutual respect, emphasizing that everyone has inherent worth and dignity, and that every individual should be treated fairly and equitably within society."
p023,Law,What is a contract and what makes it legally binding?,mistral:7b," A contract is an agreement between two or more parties that creates legal obligations for the parties involved. It outlines the terms, conditions, and promises made by each party in exchange for something of value, such as goods, services, money, or promises.

For a contract to be legally binding, it must meet several requirements:

1. Offer and acceptance: One party (the offeror) proposes a deal, and another party (the offeree) accepts the terms of the proposal. The acceptance must match the terms of the original offer exactly for a contract to be formed.

2. Consideration: Both parties must provide something of value, called consideration. This could be money, goods, services, or a promise to do something in the future. The law requires that both parties involved in the contract believe that they are receiving something of value.

3. Capacity: All parties must have the legal capacity to enter into a contract. This means that they must be of a certain age (typically 18 or older), mentally competent, and not under duress, fraud, or coercion. Minors and individuals who lack mental capacity may still be able to form valid contracts in some cases, but only with the approval of a guardian or conservator.

4. Legality: The purpose of the contract must be legal. Agreements to engage in illegal activities are not considered valid contracts.

5. Mutual assent: Both parties must understand and agree on the terms of the contract. If there is any ambiguity, uncertainty, or misrepresentation regarding the terms of the agreement, it may not be legally binding.

6. Written or signed: While some contracts do not require a written or signed form to be valid (such as oral agreements for services under $500 in many jurisdictions), having a written and signed contract provides clear evidence of the terms agreed upon by the parties, making it easier to prove the existence and enforceability of the contract in court.

7. Completion: For some types of contracts, such as those for the sale of goods or real estate, the agreement must be completed before it becomes legally binding. This means that the exchange of goods or services must occur, or a specific deadline for performance must pass without objection from either party."
p024,Law,What does the term “beyond a reasonable doubt” mean?,mistral:7b," ""Beyond a reasonable doubt"" is a standard of proof required in criminal trials to convict a defendant. It means that the prosecution must present evidence that leaves no room for any other logical conclusion except guilt, and that this conclusion is not probable or possible, but certain. In other words, the jury must be convinced of the defendant's guilt to such an extent that a reasonable person would have no doubt about it. This standard exists to protect individuals from being wrongly convicted based on insufficient or ambiguous evidence."
p025,Law,What is intellectual property?,mistral:7b," Intellectual property (IP) refers to creations of the mind such as inventions, designs, literature, music, and artistic works that are subject to legal protection. The purpose of intellectual property law is to encourage innovation and creativity by giving individuals and businesses exclusive rights to their original ideas for a specified period of time. This protection allows them to profit from their creative efforts, while also ensuring that others cannot exploit or copy their work without permission. There are four main types of intellectual property:

1. Patents - Protection for inventions such as new processes, machines, and chemical compounds.
2. Copyrights - Protection for original works of authorship including literary, dramatic, musical, artistic, and certain other intellectual works.
3. Trademarks - Protection for brand names, logos, and slogans used to identify goods or services in the marketplace.
4. Trade secrets - Protection for confidential business information that gives a company an economic advantage over its competitors.

Each type of intellectual property has its own set of requirements for protection and duration, as well as specific rules regarding how it can be licensed or transferred."
p026,Law,What is the Indian Penal Code (IPC)?,mistral:7b," The Indian Penal Code (IPC) is a collection of laws enacted in the British India in 1860, and still in force today in India. It is one of the key legislation in the country's legal system, serving as the primary codification of the offenses against person, property, and the State, and their appropriate punishments within the jurisdiction of the Government of India. The IPC was drafted by Thomas Babington Macaulay and first tabled in the British Parliament in 1837. The code consists of 510 sections distributed among 23 chapters, detailing various offenses ranging from murder, theft, and rape to criminal conspiracy, forgery, and defamation."
p027,Law,What is the role of a judge in a trial?,mistral:7b," A judge plays a crucial role in a trial, serving as an impartial arbitrator who ensures that the legal proceedings are conducted fairly and efficiently. Here are some key responsibilities of a judge during a trial:

1. Interpreting the law: Judges apply the law to the facts presented in the case, making sure that all parties involved adhere to relevant statutes, regulations, and court rules.

2. Presiding over the trial: The judge oversees the entire trial process, from jury selection through to the delivery of verdicts and sentences (in criminal trials). They ensure that evidence is presented in an orderly manner and that all parties have a fair opportunity to argue their cases.

3. Managing courtroom procedures: Judges control the conduct of the trial by ruling on objections, instructing the jury, and making decisions about evidence admissibility. They also maintain decorum and order in the courtroom, ensuring that all parties involved act professionally and respectfully towards one another.

4. Making rulings: During a trial, judges will make numerous decisions, including ruling on motions filed by either party, granting or denying requests for certain evidence, and determining whether legal arguments are valid.

5. Delivering instructions to the jury: At the end of a trial, the judge provides the jurors with detailed instructions about the relevant law they should consider when deliberating the case. This is known as ""jury instructions"" or ""charge to the jury.""

6. Imposing sentences (in criminal trials): In a criminal trial, the judge imposes sentencing for a defendant who has been found guilty of an offense. They consider various factors, such as the nature and severity of the crime, the defendant's prior record, mitigating and aggravating circumstances, and applicable sentencing guidelines or statutes.

7. Maintaining order in the courtroom: The judge is responsible for ensuring that all parties involved respect one another and adhere to court decorum. They may issue sanctions, such as fines or contempt of court citations, if any party fails to abide by established rules or acts unprofessionally during a trial.

8. Overseeing appeals (if necessary): If either party appeals the verdict or sentence in a case, the judge may oversee the appellate process and make decisions regarding whether errors were made during the trial that warrant a new trial or modification of the initial ruling."
p028,Law,What is bail and how is it granted?,mistral:7b," Bail is a legal mechanism that allows an arrested individual to be temporarily released from custody, pending the resolution of their criminal case. This means they are not required to stay in jail while awaiting trial. Instead, the court sets certain conditions for the defendant's release, such as appearing at all scheduled court dates or following specific restrictions (e.g., avoiding contact with witnesses or staying away from a particular location).

The purpose of bail is to ensure the defendant's appearance in court and to safeguard public safety by imposing conditions on their release. In some cases, bail may be granted without any monetary requirement if the judge determines that the defendant poses minimal risk of not appearing for trial or committing additional offenses.

When a defendant is eligible for bail, they may be released under one of two main types of bond: cash bail or a surety bond (also known as a bail bond). Cash bail requires the full amount of bail to be paid in cash or cash equivalent upfront, while a surety bond involves posting a smaller percentage of the total bail amount through an insurance company called a bail bondsman.

In deciding whether to grant bail and setting its amount, judges consider several factors, including:

1. The nature and circumstances of the offense charged
2. The defendant's previous criminal history
3. The likelihood that the defendant will reoffend while released on bail
4. The defendant's ties to the community (e.g., family, employment)
5. Whether the defendant poses a danger to any potential victims or witnesses in the case
6. Any other relevant factors that may impact the defendant's likelihood of appearing for trial and compliance with any bail conditions."
p029,Law,What are constitutional rights?,mistral:7b," Constitutional rights are the fundamental rights that individuals have, as enumerated and protected by a country's constitution. These rights often include life, liberty, and property, but can also encompass other protections such as freedom of speech, religion, and the press; the right to due process; equality before the law; protection against unreasonable searches and seizures; and the right to vote, among others. The specifics of constitutional rights may vary depending on the constitution of a given country or region. They serve as a foundation for a just society, protecting individuals from arbitrary government action and promoting fairness and equal treatment under the law."
p030,Law,What is freedom of speech under the law?,mistral:7b," Freedom of speech, as understood in many legal systems and particularly in the United States, refers to the right to communicate one's thoughts and ideas freely without fear of government reprisal or censorship. It is enshrined in the First Amendment of the U.S. Constitution and is a fundamental human right recognized by numerous international documents such as the Universal Declaration of Human Rights.

However, it's important to note that while the concept of freedom of speech generally allows for the expression of ideas without unreasonable interference or restriction, there are exceptions. These may include speech that incites violence, defames others, constitutes a clear and present danger, invades privacy, infringes on intellectual property rights, or is obscene.

In other words, while freedom of speech is highly valued, it's not absolute. Its exercise must be balanced with other important societal values like public safety, individual rights, and community norms. The specific boundaries and limits can vary significantly depending on the jurisdiction."
p031,General,Who is the President of the United States?,mistral:7b," As of my last update, the President of the United States is Joe Biden. He assumed office on January 20, 2021. However, I encourage you to verify this information as it may change due to elections or other events."
p032,General,What is the capital of France?,mistral:7b, The capital of France is Paris.
p033,General,How many continents are there in the world?,mistral:7b," There are seven continents in the world: Africa, Antarctica, Asia, Europe, North America, Oceania (or Australasia), and South America. These seven continents were officially recognized by the International Hydrographic Organization (IHO) in 1953. Before this, some sources may have considered Australia as part of either Australia-Oceania or Australasia along with New Zealand, but it is now generally accepted to count Oceania as a separate continent."
p034,General,What is the longest river in the world?,mistral:7b," The longest river in the world is the Nile River. The main channel of the Nile stretches around 4,135 miles (6,650 kilometers) from its source near Rwanda's Lake Victoria to its delta in northern Egypt. However, it's important to note that the exact length can vary depending on how one defines the river's source and endpoint. For instance, some measurements consider the Nile-River system as a whole, which would make it even longer due to its tributaries."
p035,General,What is the national animal of India?,mistral:7b," The national animal of India is the Bengal Tiger (Panthera tigris tigris). It is often referred to as the ""royal bengal tiger"" due to its majestic appearance. The Bengal tiger is found primarily in the Indian subcontinent, particularly in the Sunderbans, a region located at the border of India and Bangladesh. The animal represents strength and courage, which are considered important values in Indian culture."
p036,General,What causes rainbows?,mistral:7b," Rainbows are caused by the refraction, reflection, and dispersion of light in water droplets. This phenomenon occurs when sunlight or daylight passes through a raindrop and is broken up into different wavelengths (colors) due to refraction. The water droplet acts as a prism. The reflected light then refracted again on exiting the back of the droplet, creating the spectrum of colors that form an arc in the sky. The angle between the incoming sunlight, the raindrop, and the observer determines the position and size of the rainbow. A primary rainbow is always red on the outer side and violet on the inner side. Secondary rainbows are fainter and appear outside the primary rainbow with colors in reverse order (violet on the outer side). The appearance of a rainbow requires sunlight, rain, and an observer positioned such that the sun and raindrop are at the right angles to each other."
p037,General,What is the difference between weather and climate?,mistral:7b," Weather refers to short-term atmospheric conditions in a specific location at a particular time, such as temperature, humidity, precipitation, cloud cover, wind speed and direction. It can change from minute-to-minute or day-to-day. Climate, on the other hand, describes long-term patterns and trends of weather in a region over decades or longer periods. It takes into account variables like average temperature, humidity, precipitation, and wind patterns, and it doesn't change much from year to year. Essentially, weather is what you see outside your window today, while climate is the pattern of weather you would expect to see over a period of many years in a particular location."
p038,General,What is the history of the Olympic Games?,mistral:7b," The Olympic Games, a major international multi-sport event, have a rich and intriguing history that spans thousands of years. The ancient Greek Olympic Games, considered the precursor to the modern Olympics, were held every four years between 776 BC and 393 AD in Olympia, a small village in the western Peloponnese in Greece.

The games were dedicated to Zeus, the king of the gods, and featured a wide variety of athletic contests such as running, long jump, discus throw, javelin throw, boxing, pankration (a combination of wrestling and boxing), and equestrian events like chariot racing. The ancient Olympics were not only a celebration of athleticism but also of Greek culture, unity, and peace between city-states, which often competed fiercely against each other in other contexts.

After the fall of the Roman Empire, the Olympic Games ceased to exist until the modern era. It was Pierre de Coubertin, a Frenchman who admired the ancient Greek ideals, who revived the Olympic concept and organized the first modern Summer Olympics in Athens, Greece, in 1896. The idea behind these games was to foster peace, culture, education, and international understanding through athletic competition.

The first Winter Olympics took place in Chamonix, France, in 1924. Over the years, the Olympic Games have grown exponentially, with more sports and nations participating. The Olympic Movement now comprises the International Olympic Committee (IOC), National Olympic Committees (NOCs) for each country, and International Federations (IFs) for each sport.

The Olympic Games are now held every four years, alternating between Summer and Winter editions. In addition to these main games, there are Youth Olympic Games, which aim to engage young athletes in a multi-sport event and promote Olympism among the youth. The most recent edition of the Olympic Games was Tokyo 2020 (now officially known as Tokyo 2021), which took place from July 23 to August 8, 2021. The next Winter Olympics will be held in Beijing, China, in February 2022."
p039,General,What is the importance of education?,mistral:7b," Education plays a crucial role in several aspects of society and personal development. Here are some key points that highlight its significance:

1. Personal Development: Education equips individuals with knowledge, skills, and values necessary for their growth and well-being. It helps foster critical thinking, creativity, problem-solving abilities, and emotional intelligence.

2. Economic Opportunities: A good education provides individuals with better employment opportunities and higher earning potential. This can lead to improved economic stability for families and communities.

3. Social Mobility: Education allows people to rise above their circumstances, breaking the cycle of poverty. It offers opportunities for social mobility, empowering individuals to achieve their full potential regardless of their background or starting point.

4. Civic Participation: Educated citizens are more likely to be active participants in civic life. They are better equipped to make informed decisions, engage in discussions, and contribute to the democratic process.

5. Cultural Awareness and Tolerance: Education helps foster understanding of different cultures, beliefs, and perspectives. This can lead to increased tolerance, empathy, and peace within and among communities.

6. Innovation and Progress: The advancement of society often depends on innovative ideas and progress. These are typically driven by educated individuals who can think critically, challenge established norms, and propose new solutions to problems.

7. Health and Well-being: Education can contribute to improved health outcomes through increased awareness of health issues, promotion of healthy behaviors, and access to healthcare services.

8. Environmental Sustainability: Education plays a key role in cultivating an understanding of environmental issues and promoting sustainable practices. Educated individuals are more likely to be aware of the impact humans have on the environment and take steps to minimize that impact.

9. Lifelong Learning: Education encourages a lifelong pursuit of knowledge and personal growth, preparing individuals for continuous adaptation in an ever-changing world.

10. Human Rights and Empowerment: Education is a fundamental human right and plays a significant role in the empowerment of individuals, particularly women and girls. Access to education can help reduce gender inequality, promote gender equality, and support the empowerment of all people."
p040,General,How are elections conducted in a democracy?,mistral:7b," In a democratic system, elections are conducted to allow citizens the opportunity to choose their representatives, who will then make decisions on their behalf. Here's a general outline of how elections are typically conducted:

1. **Defining Electoral Districts**: The first step is to define electoral districts, also known as constituencies or wards. These districts should ideally be roughly equal in population to ensure fair representation.

2. **Candidate Nomination**: Candidates from various political parties or independent candidates can nominate themselves for the election. There may be specific requirements (such as age and residency) that a candidate must meet.

3. **Campaigning**: Once all candidates have been nominated, they start their campaigns to gain support from voters. This involves meeting with voters, speaking at public events, and using media platforms to present their platforms and policies.

4. **Voter Registration**: Eligible citizens are encouraged to register to vote before the deadline. Voter registration usually requires providing proof of identity and residency.

5. **Voting Day**: On the day of the election, eligible voters cast their ballots at designated polling stations. This can be done through various methods such as paper ballots, electronic voting machines, or mail-in ballots.

6. **Counting Votes**: After all votes have been cast, they are counted to determine the winner. In some systems, a simple majority (more than 50%) is enough to win, while in others a majority of more than 50% plus one vote may be required or a run-off election may be held if no candidate achieves this threshold.

7. **Announcing the Result**: Once the votes have been counted and verified, the result is announced. The successful candidates become the representatives for their constituency.

8. **Inauguration**: After the results are finalized, the newly elected officials are sworn into office and assume their duties."
p041,Tech,What is artificial intelligence?,mistral:7b," Artificial Intelligence (AI) refers to the simulation of human intelligence processes by machines, especially computer systems. These processes include learning (the acquisition of information and rules for using the information), reasoning (using rules to reach approximate or definite conclusions), and self-correction. AI can be categorized as either weak AI, which is designed to perform a narrow task (e.g., facial recognition), or strong AI, which exhibits general intelligence capable of performing any intellectual task that a human being can do. The development of AI has significant implications for various fields such as robotics, medicine, finance, and more, and it's an active area of research in computer science and cognitive science."
p042,Tech,What is machine learning and how does it work?,mistral:7b," Machine Learning (ML) is a subset of artificial intelligence that provides systems the ability to automatically learn and improve from experience without being explicitly programmed. It focuses on the development of computer programs that can access data and use it to learn for themselves.

Machine Learning works by using algorithms to parse data, learn from it, and then make predictions or decisions without being explicitly programmed to perform the task. Here's a simplified explanation of how it works:

1. Data Collection: The first step is to gather relevant data. This could be images, text, numbers, etc., depending on what the machine learning model is intended to learn about.

2. Data Preprocessing: The raw data is often not in a format that can be easily used by the machine learning algorithms. This step involves cleaning and transforming the data into a suitable format.

3. Feature Extraction: This step involves identifying and selecting the most relevant characteristics of the data that will help the model make accurate predictions or decisions.

4. Model Training: The preprocessed data is then used to train the machine learning model. During this phase, the model learns to associate the input data with the correct output (label) by adjusting its internal parameters.

5. Evaluation: After the model has been trained, it's evaluated to see how well it performs on new, unseen data. This is usually done by splitting the original dataset into a training set and a test set.

6. Prediction: Once the model has been trained and evaluated, it can be used to make predictions or decisions about new data that it hasn't seen before.

7. Model Improvement (optional): Based on the evaluation results, the model may need to be adjusted or retrained to improve its performance. This could involve gathering more data, adjusting the model parameters, or choosing a different machine learning algorithm.

Machine Learning can be further divided into three main types: Supervised Learning, Unsupervised Learning, and Reinforcement Learning, each with its own unique characteristics and applications."
p043,Tech,What is the difference between AI and human intelligence?,mistral:7b," AI (Artificial Intelligence) and human intelligence are fundamentally different, although they share some similarities in terms of problem-solving and learning.

1. **Learning Method**: Humans learn primarily through experience and education. We have an inherent curiosity that drives us to explore our environment, make mistakes, and learn from them. AI, on the other hand, is typically programmed with specific rules or trained using large datasets to learn patterns.

2. **General Intelligence**: While some AI systems can perform tasks that require intelligence (like recognizing images, understanding language, or playing games), they don't possess general intelligence like humans do. Humans can adapt and apply their knowledge across a wide range of tasks and situations, while AI excels at specific, well-defined tasks.

3. **Creativity and Original Thought**: Humans have the ability to think creatively, invent new ideas, ask philosophical questions, and contemplate abstract concepts. While AI can generate creative outputs in certain domains (like art or music), it does not possess original thought or self-awareness.

4. **Emotion and Empathy**: Humans experience a wide range of emotions and can empathize with others. AI, however, doesn't have feelings or the ability to understand and respond to emotional cues in the same way humans do.

5. **Ethics and Morality**: Humans possess a moral compass and can make ethical decisions based on our understanding of right and wrong. AI does not inherently have a sense of ethics or morality, although it can be programmed with rules to make decisions that are considered 'ethical' by humans.

6. **Continuous Learning**: Humans continue learning throughout their lives, adapting to new situations and information. While some AI models can continue to learn and improve over time (like those used in reinforcement learning), they don't have the ability to adapt to completely novel situations without human intervention.

In summary, while AI has made significant strides in mimicking certain aspects of human intelligence, it still lacks the flexibility, creativity, emotional understanding, and continuous learning capabilities that define human intelligence."
p044,Tech,What are neural networks?,mistral:7b," Neural networks, also known as artificial neural networks (ANN), are computing systems inspired by the biological neural networks that constitute animal brains. They consist of interconnected nodes or ""neurons,"" loosely modeled on the structure and function of biological neurons, and are used to process information.

In a neural network, each connection, like that between dendrites and axons in a biological neuron, can transmit a signal from one neuron (or node) to another. Signals are transmitted in the form of electrical voltages or activations. The neurons have multiple inputs, a single output, and a nonlinear activation function that determines the output value based on the summed weighted input values.

The ""learning"" in neural networks occurs by adjusting the weights (strengths) of the connections between nodes, allowing the network to improve its performance on a specific task with repeated exposure to data. This process is often referred to as training and can be achieved using various learning algorithms, such as backpropagation or deep learning methods.

Neural networks are used for a wide range of tasks in machine learning, including image recognition, speech recognition, natural language processing, and predictive analytics. They have been instrumental in the advancement of artificial intelligence (AI) and have enabled machines to perform tasks that were previously only capable of being done by humans."
p045,Tech,How does ChatGPT work?,mistral:7b," ChatGPT is a model from OpenAI that is based on a type of language model called a Transformer, specifically a variant called BERT (Bidirectional Encoder Representations from Transformers). This model was trained on a massive dataset of text, allowing it to generate human-like text.

The way it works is by predicting the next word in a sentence, given the previous words. It does this by taking in a sequence of words (a sentence), and then feeding that into the model, which processes the words one by one through a series of attention mechanisms, allowing it to consider the context of the entire sentence while generating each word.

The model has been fine-tuned on specific tasks, such as answering questions or writing responses, which allows it to perform those tasks more effectively. It uses a combination of supervised learning (where the model is trained on labeled data) and reinforcement learning with human feedback (where the model's output is rated by humans, and the model adjusts its behavior based on this feedback).

The exact details of how ChatGPT works are proprietary to OpenAI, but in general, it uses a combination of natural language processing techniques, machine learning algorithms, and large amounts of training data to generate human-like text."
p046,Tech,What is blockchain technology?,mistral:7b," Blockchain technology is a decentralized, digital ledger system that records transactions across multiple computers in a secure and transparent way. It's best known for being the underlying technology behind cryptocurrencies like Bitcoin, but its potential uses extend far beyond that.

In simpler terms, a blockchain consists of blocks of data (the ""chain"") that are linked together using complex mathematical algorithms to validate new transactions and keep the system secure. Each block contains a unique code called a hash, which helps to link it to the previous block in the chain. This creates an unalterable record of all transactions on the blockchain, making it resistant to tampering or fraud.

One of the key advantages of blockchain is its decentralized nature, meaning that no single entity has control over the entire system. Instead, a network of computers (nodes) work together to validate and verify transactions, making it difficult for any one party to manipulate the data. This makes blockchain an attractive solution for applications such as digital payments, smart contracts, supply chain management, identity verification, and more."
p047,Tech,What is the Internet of Things (IoT)?,mistral:7b," The Internet of Things, often abbreviated as IoT, refers to a network of physical devices that are connected to the internet and can collect and exchange data using embedded sensors, software, and other technologies. These devices range from ordinary objects to ""smart"" machines that can interact with each other and humans without human intervention. Examples include home appliances (such as refrigerators or washing machines), cars equipped with wireless sensors, and various wearable devices like fitness trackers. The goal of IoT is to improve efficiency, accuracy, and economic benefit through increased connectivity, data exchange, and automation."
p048,Tech,What is deep learning?,mistral:7b," Deep Learning is a subset of Machine Learning (ML) that uses artificial neural networks with many layers, or ""deep"" networks, to learn and make decisions based on data. Unlike traditional ML algorithms, which often require handcrafted features, deep learning models can automatically learn and extract relevant features directly from the raw input data.

Deep learning has been particularly successful in tasks such as image and speech recognition, natural language processing, and game playing, where there are large amounts of training data available. The term ""deep"" refers to the number of layers within these neural networks; the more layers, the deeper the network, and the more complex patterns it can learn.

Deep learning models consist of interconnected nodes (artificial neurons) that process input data through multiple layers, with each layer using the outputs from the previous one as its inputs. The first layer receives the original input, while the final layer produces the output for the network to make a prediction or decision. Deep learning models are trained using large datasets and optimization algorithms like stochastic gradient descent (SGD) or backpropagation, which iteratively adjust the weights and biases of the connections between neurons to minimize errors in the model's predictions.

The success of deep learning can be attributed to advancements in computational power, availability of data, and innovative architectures such as Convolutional Neural Networks (CNN) for images, Recurrent Neural Networks (RNN) for sequences, and Long Short-Term Memory (LSTM) networks for handling long-term dependencies. However, deep learning models can be computationally expensive and require large amounts of data to train effectively, making it a resource-intensive field."
p049,Tech,How does facial recognition work?,mistral:7b," Facial recognition works by comparing and analyzing patterns in a given image or video to recognize faces. Here's a simplified breakdown of the process:

1. Image Acquisition: The system acquires images or videos containing faces, often through a camera.

2. Preprocessing: This step involves cleaning and preparing the data for analysis. It may include converting color images to grayscale, resizing images, normalizing lighting conditions, etc.

3. Face Detection: Using algorithms like Haar cascades or more advanced techniques such as deep learning, the system identifies and marks areas within the image that are likely to contain a face.

4. Alignment (or normalization): To ensure consistency in data, faces are usually aligned so that they have the same orientation and size. This often involves rotating and resizing the detected faces.

5. Extraction of Facial Features: The system extracts distinctive features from the aligned face, such as the position of the eyes, nose, mouth, and cheekbones. In modern facial recognition systems, this step is often performed using Convolutional Neural Networks (CNNs).

6. Representation: The extracted features are converted into a mathematical representation that can be compared with other representations. This might involve converting the features into a vector or creating a template for each face.

7. Comparison and Recognition: The system compares the representation of the new face against known faces in its database. If there's a match, it recognizes the face; otherwise, it may not be able to identify the person. In some cases, if the quality of the input image is poor or the face isn't clearly visible, the system might fail to recognize the face.

8. Decision Making: Based on the comparison results, the system makes a decision regarding the identity of the person in the image or video. It may output a specific name, a list of possible matches, or an indication that it couldn't identify the person.

Facial recognition is used in various applications like security systems, social media tagging, and unlocking phones using selfies. However, it's important to note that facial recognition can have privacy concerns and may not always be accurate, especially when dealing with people of different ethnicities or ages."
p050,Tech,What is natural language processing?,mistral:7b," Natural Language Processing (NLP) is a field of artificial intelligence that focuses on the interaction between computers and humans through the use of human languages. Its goal is to create systems that can understand, interpret, and generate human language in a valuable way, enabling machines to communicate with people naturally and effectively. NLP involves various computational methods for processing large amounts of text data, including speech recognition, machine translation, sentiment analysis, and question answering, among others. The ultimate aim is to make interactions between humans and machines more natural, intuitive, and user-friendly."
